sat,tothrs,cumgpa,season,frstsem,crsgpa,verbmath,trmgpa,hssize,hsrank,female,black,white,hsperc,football
920,31,2.25,0,0,2.646399975,0.48387,1.5,10,4,1,0,0,40,0
780,28,2.029999971,0,0,2.867899895,0.813950002,2.200000048,123,102,0,0,1,82.92682648,0
810,0,0,0,1,2.763400078,0.883719981,1.600000024,119,42,0,0,1,35.29411697,0
1080,0,0,1,1,2.514899969,0.800000012,2,318,31,0,0,1,9.748427391,0
960,91,2.349999905,1,0,2.853499889,1,2.799999952,383,66,0,0,1,17.2323761,0
790,0,0,1,1,2.413700104,1.135139942,1.289999962,44,27,0,1,0,61.36363602,0
820,25,2.119999886,1,0,2.629699945,0.782609999,1.5,344,36,1,1,0,10.4651165,0
820,30,1.929999948,1,0,2.611399889,0.906979978,2.5,228,155,0,0,1,67.98245239,0
1040,0,0,1,1,2.398299932,0.925930023,2.180000067,91,8,0,0,1,8.791209221,0
730,34,1.970000029,1,0,2.798599958,0.780489981,1.75,482,273,0,1,0,56.63900375,1
780,59,2.380000114,1,0,2.895499945,0.695649981,2.5,78,17,0,0,1,21.79487228,1
830,62,2.00999999,1,0,2.941999912,1.024389982,1.75,196,54,0,1,0,27.55101967,0
710,120,2.019999981,1,0,2.619800091,1.088240027,0.5,300,226,0,1,0,75.33333588,1
980,35,2.079999924,1,0,2.405800104,0.921570003,1.75,152,45,0,1,0,29.60526276,1
740,93,2,1,0,2.424999952,0.897440016,1.25,312,161,0,1,0,51.60256577,1
1180,93,3.029999971,1,0,2.909699917,0.873019993,2.75,637,255,0,0,1,40.03139877,0
700,26,2.339999914,1,0,3.124900103,1,2.5,32,22,0,0,1,68.75,0
520,72,1.580000043,1,0,2.834599972,1,2.25,462,358,0,0,1,77.48917389,1
720,39,1.75999999,1,0,2.597599983,0.846149981,1.25,283,76,0,1,0,26.85512352,1
940,0,0,1,1,2.680900097,0.773580015,2.630000114,194,85,1,0,1,43.81443405,0
960,0,0,1,1,2.923799992,0.777779996,2.059999943,447,320,0,1,0,71.58836365,1
870,27,2.029999971,1,0,2.842799902,0.851059973,2.079999924,371,259,0,0,1,69.81131744,0
890,25,2.440000057,1,0,2.628900051,0.779999971,2.5,124,50,0,0,1,40.32258224,0
840,85,2.069999933,0,0,2.716399908,1,2,116,16,0,0,1,13.79310322,0
810,30,2.700000048,1,0,2.510499954,1.076920033,2.5,227,56,1,0,1,24.66960335,0
820,31,2.220000029,1,0,2.797800064,1.102560043,2.329999924,571,344,0,0,0,60.24518204,0
970,23,2.859999895,0,0,2.577100039,0.672410011,1.75,566,83,0,0,1,14.66431141,0
790,0,0,1,1,2.702500105,1.078950047,2.819999933,597,72,0,0,1,12.06030178,1
800,0,0,1,1,2.664799929,0.818180025,2.130000114,310,95,1,0,1,30.64516068,0
680,33,2.930000067,1,0,2.899399996,0.743589997,2.559999943,328,122,1,0,1,37.19512177,0
850,0,0,1,1,2.832799911,0.808510005,2.710000038,73,5,1,0,1,6.849315166,0
820,80,2.269999981,0,0,2.897900105,0.708329976,2.200000048,131,98,0,0,1,74.80915833,0
1120,0,0,1,1,2.168299913,0.671639979,2.329999924,488,20,0,0,1,4.098360538,0
450,1,4,1,0,2.918800116,0.800000012,1.429999948,118,46,0,1,0,38.9830513,1
880,26,2.339999914,1,0,3.171999931,1.095239997,2.410000086,407,70,1,0,1,17.19901657,0
1010,28,1.5,1,0,2.804699898,1.148939967,1.269999981,106,55,0,0,1,51.88679123,0
920,0,0,0,1,2.337300062,1.044440031,1.860000014,149,91,0,0,1,61.07382584,0
830,70,1.909999967,1,0,2.904700041,0.844439983,2.799999952,200,84,0,1,0,42,0
590,37,2.180000067,1,0,2.541300058,0.685710013,0.5,480,337,0,1,0,70.20833588,1
500,0,0,1,1,2.86500001,1.272729993,1.210000038,457,329,0,0,1,71.99124908,0
1050,57,2.609999895,1,0,2.624900103,1.058820009,2.809999943,160,98,0,0,1,61.25,0
570,67,1.860000014,1,0,2.745500088,0.965520024,1,324,187,0,1,0,57.71604919,1
970,64,3.180000067,1,0,2.609600067,0.763639987,3.400000095,5,1,1,0,1,20,0
650,40,2.25,1,0,2.631500006,0.805559993,2,206,57,0,0,1,27.6699028,1
1140,56,2.670000076,1,0,2.785099983,0.583329976,2.400000095,241,24,0,0,1,9.958506584,0
1180,69,2.980000019,1,0,2.921999931,1.185189962,3.470000029,469,36,0,0,1,7.675906181,0
770,16,1.870000005,1,0,2.898699999,0.833329976,2,486,397,0,0,1,81.6872406,0
960,0,0,1,1,2.520200014,0.882350028,3.470000029,430,65,1,0,1,15.11627865,0
720,0,0,0,1,2.67840004,0.945949972,2,430,230,1,0,0,53.4883728,0
750,0,0,0,1,2.969199896,1.083330035,1.919999957,341,270,0,0,1,79.17888641,0
960,32,2.900000095,1,0,2.789200068,0.882350028,3.309999943,10,3,1,0,1,30,0
970,67,2.039999962,1,0,2.69749999,0.732140005,2,10,3,0,0,1,30,1
1070,62,2.119999886,1,0,2.943599939,0.783330023,1.850000024,288,65,0,0,1,22.56944466,1
940,32,2.650000095,0,0,2.824800014,0.709089994,2.329999924,251,45,0,0,1,17.92828751,0
1100,59,2.640000105,1,0,2.889499903,0.803279996,2.5,306,99,0,0,1,32.35293961,0
1110,52,2.049999952,1,0,2.744999886,0.947369993,2.150000095,216,125,0,0,1,57.87036896,0
860,78,1.940000057,1,0,3.185499907,0.457630008,3.140000105,274,110,0,0,1,40.14598465,0
1110,29,3.859999895,1,0,3.03309989,0.913789988,3.630000114,48,20,1,0,1,41.66666794,0
850,87,2.00999999,1,0,3.248699903,1.023810029,1.940000057,244,146,1,0,1,59.8360672,0
750,0,0,1,1,2.440700054,1.083330035,1.269999981,48,26,1,0,1,54.16666794,0
840,0,0,1,1,2.506500006,0.787230015,2,48,32,1,0,1,66.66666412,0
1050,0,0,1,1,2.384799957,0.75,1.799999952,620,266,0,0,1,42.90322495,0
890,29,2.170000076,1,0,2.826699972,0.854170024,2.5,550,114,1,0,1,20.72727203,0
890,63,1.929999948,1,0,2.949700117,1.225000024,2.25,768,451,1,0,1,58.72395706,0
830,26,1.649999976,1,0,2.438699961,0.930230021,1.710000038,161,147,0,0,1,91.30434418,0
850,0,0,1,1,2.707700014,1.023810029,2.400000095,179,153,0,0,1,85.47486115,0
770,0,0,1,1,2.744400024,0.878050029,2.309999943,620,461,0,0,1,74.35483551,1
910,39,2.430000067,1,0,2.902699947,0.895829976,2.539999962,386,190,0,1,0,49.22279739,1
910,0,0,1,1,2.773600101,0.819999993,0.430000007,563,328,0,0,1,58.25932693,0
1110,30,2.660000086,1,0,2.746900082,0.790319979,2.690000057,4,2,1,0,1,50,0
1090,84,2.410000086,1,0,2.859899998,0.847459972,2.200000048,320,55,1,0,1,17.1875,0
1170,55,3.269999981,0,0,2.699399948,0.746270001,3.329999924,470,127,0,0,1,27.02127647,0
760,28,2.75,1,0,2.984400034,0.948719978,3.440000057,670,71,0,0,0,10.59701538,0
780,0,0,1,1,2.757600069,0.902440012,2.880000114,654,81,1,0,0,12.38532066,0
670,111,2.00999999,1,0,2.645299911,0.81081003,1.5,277,61,0,1,0,22.02165985,1
870,55,2.210000038,1,0,2.831799984,0.891300023,2.25,462,236,0,0,1,51.0822525,0
850,52,1.980000019,1,0,2.679899931,0.770829976,1.330000043,401,45,0,0,1,11.22194481,1
790,57,1.940000057,0,0,2.651400089,0.680850029,1.570000052,403,193,0,0,1,47.89081955,0
1180,69,1.620000005,1,0,2.712800026,0.873019993,3,321,167,0,0,1,52.02492142,1
940,65,2.410000086,1,0,3.142299891,0.649119973,2.5,375,87,0,0,1,23.20000076,1
850,0,0,0,1,2.67869997,0.808510005,1.600000024,448,207,1,0,1,46.2053566,0
540,80,1.929999948,1,0,2.737099886,0.588240027,1.75,577,402,0,1,0,69.6707077,1
930,28,3.319999933,1,0,2.719899893,1.02173996,3.799999952,604,27,1,0,1,4.470198631,0
810,30,2.160000086,1,0,2.708400011,1.024999976,2.789999962,520,214,0,0,1,41.15384674,0
1130,77,3.900000095,1,0,2.73300004,0.793649971,4,450,1,1,0,1,0.222222224,0
940,28,3.140000105,1,0,2.676700115,0.46875,3.5,303,84,0,0,1,27.7227726,0
1010,80,2.359999895,0,0,2.638000011,0.942309976,3,457,123,0,0,1,26.91466141,0
930,38,2.069999933,1,0,2.666800022,1.02173996,1.25,288,197,0,0,1,68.40277863,1
850,66,2.089999914,1,0,2.658799887,0.931819975,2,537,234,0,0,1,43.57542038,0
1160,83,3.49000001,1,0,2.995800018,0.933329999,3.400000095,637,101,1,0,1,15.8555727,0
900,86,2.769999981,1,0,3.008899927,0.914889991,3,637,76,1,0,1,11.93092632,0
920,89,2.690000057,1,0,2.940099955,0.877550006,2.079999924,637,163,1,0,1,25.58869743,0
1020,0,0,1,1,2.311800003,0.789470017,1.429999948,330,160,0,0,1,48.48484802,0
660,80,1.919999957,1,0,2.797600031,0.783779979,1.5,251,130,0,0,0,51.79282761,1
870,0,0,1,1,2.884599924,0.775510013,3.440000057,10,2,1,1,0,20,0
1100,35,3.049999952,1,0,2.867199898,0.864409983,2.789999962,172,137,0,0,1,79.65116119,1
960,30,2.400000095,1,0,2.700900078,0.684210002,3,204,51,0,0,1,25,0
540,100,2.200000048,1,0,2.642699957,0.928569973,2,240,151,0,1,0,62.91666794,1
700,0,0,1,1,2.940399885,0.794870019,2.410000086,238,102,0,1,0,42.8571434,1
490,121,1.950000048,1,0,3.127500057,0.689660013,2.380000114,92,50,0,1,0,54.34782791,0
750,62,2.579999924,1,0,2.875200033,0.973680019,1.75,215,68,0,0,1,31.6279068,1
980,0,0,1,1,2.320199966,0.75,2,190,42,0,0,1,22.10526276,1
870,93,2.220000029,1,0,2.714699984,0.74000001,2.200000048,302,67,0,1,0,22.18543053,1
680,94,2.029999971,1,0,2.829400063,0.619050026,2.150000095,91,13,1,1,0,14.28571415,0
1220,28,2.569999933,1,0,2.945199966,0.671230018,3.140000105,10,3,0,0,0,30,0
1100,29,3.480000019,1,0,2.538500071,0.774190009,3.599999905,10,1,1,0,1,10,0
1100,61,2.210000038,1,0,2.875200033,1.037039995,3,10,6,0,0,1,60,0
730,35,2.650000095,1,0,2.825000048,0.586960018,1,260,116,0,1,0,44.61538315,0
830,77,1.980000019,1,0,2.706099987,0.729170024,1.5,457,279,0,0,1,61.0503273,1
820,104,2.480000019,1,0,2.929399967,0.782609999,2.380000114,98,16,0,0,1,16.32653046,1
580,106,2.00999999,1,0,2.836800098,0.870970011,2.400000095,534,89,0,1,0,16.66666603,1
740,0,0,0,1,2.657099962,1.055559993,2,61,8,0,0,1,13.11475372,0
670,70,2.119999886,1,0,2.389300108,0.81081003,0.330000013,76,58,0,1,0,76.31578827,1
720,39,2.299999952,1,0,2.686000109,0.565219998,2,10,7,0,0,0,70,1
690,36,2.019999981,1,0,2.676700115,0.916670024,1,214,86,0,1,0,40.18691635,1
830,1,4,1,0,3.001699924,0.930230021,0.930000007,10,5,0,1,0,50,1
1020,31,1.870000005,1,0,2.798199892,0.619050026,2.309999943,697,463,0,0,1,66.42754364,1
1090,83,2.869999886,1,0,3.022599936,0.703130007,2.75,472,67,0,0,1,14.19491482,0
750,39,1.710000038,1,0,3.095799923,0.666670024,2.380000114,412,178,0,0,1,43.20388412,1
850,30,1.830000043,1,0,2.515500069,1.073169947,1.25,405,117,0,0,1,28.88888931,0
970,70,1.950000048,1,0,2.939399958,0.865379989,2.5,10,4,0,0,1,40,0
1020,93,3.269999981,1,0,2.822900057,0.672129989,3,450,39,1,0,1,8.666666985,0
770,28,1.850000024,1,0,2.841799974,0.790700018,2.809999943,430,250,0,0,1,58.139534,0
900,0,0,1,1,2.760900021,1.093019962,2.730000019,10,5,0,0,1,50,0
730,1,4,1,0,2.919399977,0.921050012,1.470000029,10,5,0,0,1,50,1
960,0,0,1,1,2.4447999,0.777779996,2.180000067,46,10,0,0,1,21.73913002,1
980,30,2.059999943,1,0,2.707900047,0.719299972,1.799999952,568,384,0,0,1,67.6056366,0
870,33,2.569999933,1,0,2.869800091,0.775510013,2.190000057,227,27,1,0,1,11.8942728,0
950,29,2.890000105,1,0,2.92869997,1.02128005,3,569,218,1,0,1,38.31282806,0
830,57,2.029999971,1,0,2.876600027,1.024389982,1.5,546,285,0,0,1,52.1978035,1
790,72,2.650000095,1,0,3.029700041,1.393939972,3,677,96,1,0,1,14.18020725,0
1010,27,2.960000038,1,0,2.56520009,0.741379976,3,266,10,1,0,1,3.75939846,0
1050,61,2.75,1,0,2.523600101,1.100000024,2,162,22,1,0,1,13.58024693,0
860,59,2.619999886,0,0,2.8756001,0.720000029,3.25,113,29,1,0,1,25.66371727,0
1140,26,3.75999999,1,0,2.69659996,0.965520024,3,454,36,0,0,1,7.929515362,0
860,59,2.690000057,1,0,2.650300026,0.720000029,3.200000048,323,9,0,0,1,2.786377668,0
940,58,2.220000029,1,0,3.036099911,0.843140006,2.539999962,385,105,1,0,1,27.27272797,0
810,65,2.319999933,1,0,3.019299984,0.928569973,2.690000057,385,165,1,0,1,42.8571434,0
850,0,0,1,1,2.586199999,0.847829998,2.650000095,256,39,0,0,1,15.234375,0
1290,28,2,1,0,2.550699949,0.816900015,3.200000048,82,45,0,0,1,54.87804794,0
1170,0,0,1,1,2.671900034,0.828130007,3.410000086,64,4,1,0,1,6.25,0
1100,27,3.180000067,0,0,2.615799904,0.774190009,3,53,10,0,0,1,18.86792374,0
1430,66,3.529999971,1,0,2.632699966,0.833329976,3.670000076,285,14,0,0,1,4.91228056,0
760,25,2.24000001,0,0,2.655299902,1.171429992,2.400000095,272,163,0,0,1,59.92647171,0
820,96,2.309999943,1,0,3.43659997,0.782609999,2.289999962,5,2,1,0,1,40,0
620,59,1.929999948,1,0,3.061100006,1,2.25,200,152,0,1,0,76,0
1080,61,2.289999962,0,0,2.68659997,0.661539972,2.829999924,10,3,0,0,1,30,0
850,24,2.039999962,1,0,2.502000093,0.847829998,1.25,358,135,0,0,1,37.70949554,1
1060,41,1.799999952,1,0,2.947299957,0.796609998,1.669999957,299,149,0,0,1,49.83277512,1
1030,88,2.75999999,1,0,2.955699921,0.907410026,2.75,5,2,1,0,1,40,0
1070,31,1.830000043,1,0,2.815900087,0.813560009,3,485,74,1,0,1,15.25773239,0
940,27,2.329999924,0,0,2.785900116,0.649119973,2.559999943,485,203,0,0,1,41.85567093,0
1130,94,2.720000029,1,0,2.564699888,0.793649971,2.400000095,179,104,0,0,1,58.10055923,0
910,0,0,0,1,2.592099905,0.857140005,2.74000001,10,3,0,0,1,30,0
990,104,3.25,1,0,3.476399899,0.677969992,3.75,321,27,1,0,1,8.411214828,0
950,82,2.680000067,0,0,2.926199913,0.792450011,3,457,45,0,0,1,9.846827507,0
1100,0,0,0,1,2.394999981,1,4,223,16,1,0,1,7.174887657,0
800,26,2.460000038,1,0,2.927000046,0.904760003,2.309999943,325,67,1,0,1,20.61538506,0
920,26,3.299999952,1,0,2.77699995,0.957449973,3.25,407,173,0,0,1,42.50614166,1
1210,0,0,1,1,2.568700075,0.833329976,4,546,12,0,0,1,2.197802305,0
1350,62,3.349999905,1,0,2.537400007,0.901409984,3.599999905,5,4,1,0,1,80,0
750,0,0,1,1,2.396199942,1.34375,0,194,182,0,0,1,93.81443024,0
820,54,2.74000001,1,0,2.645400047,0.822220027,2.599999905,210,17,0,0,1,8.095237732,0
820,54,2.049999952,1,0,2.575900078,0.822220027,2.5,214,55,0,0,1,25.70093536,0
1010,82,1.850000024,1,0,2.654200077,0.655740023,0.910000026,408,140,0,0,1,34.31372452,0
1040,0,0,1,1,2.593800068,0.793099999,2.5,193,37,1,0,1,19.17098427,0
1150,0,0,1,1,2.263000011,0.796880007,1.75999999,283,13,1,0,1,4.593639374,0
1000,29,2.440000057,0,0,2.530100107,0.754390001,2.400000095,159,67,1,0,1,42.13836288,0
880,58,2.309999943,1,0,2.64380002,1.200000048,0.5,230,82,0,1,0,35.65217209,1
640,40,1.649999976,1,0,2.938800097,1.064520001,2,219,63,0,1,0,28.76712418,1
800,39,2.049999952,1,0,2.572099924,0.860469997,2.599999905,831,220,0,1,0,26.47412682,1
1190,0,0,1,1,2.705699921,0.830770016,2.150000095,323,117,0,0,1,36.22291183,1
470,54,2.200000048,1,0,2.695800066,0.740740001,1,231,92,0,1,0,39.82683945,1
1010,57,1.960000038,1,0,2.685100079,0.803569973,2,100,46,0,0,1,46,0
1150,0,0,1,1,2.468699932,0.885249972,0.75999999,513,277,0,0,1,53.99610138,1
740,92,2.109999895,1,0,3.044100046,0.644439995,2.400000095,253,49,0,0,1,19.36758804,0
1100,30,2.930000067,1,0,2.504899979,0.746029973,2,240,129,0,0,1,53.75,0
1110,106,2.920000076,1,0,3.315799952,1.055559993,2.829999924,448,105,1,0,1,23.4375,0
1020,69,2.630000114,1,0,2.780499935,1.318179965,2.200000048,519,68,0,1,0,13.10211945,1
1050,0,0,1,1,2.57069993,0.75,2,310,110,0,0,1,35.48387146,1
650,32,2.25,1,0,2.715300083,0.857140005,2,249,97,1,0,1,38.95582199,0
880,57,2.519999981,1,0,2.930399895,0.629630029,3.599999905,600,500,0,0,1,83.33333588,0
1070,55,2.25,0,0,3.008599997,0.813560009,2.289999962,491,127,0,0,1,25.86557961,0
1090,0,0,1,1,2.385799885,0.946430027,2.24000001,524,308,0,0,1,58.77862549,0
890,95,2.069999933,0,0,2.718400002,0.745100021,1.830000043,200,88,0,0,1,44,0
630,103,2.109999895,1,0,2.529999971,0.615379989,1.75,167,87,0,0,1,52.09580994,1
1010,0,0,1,1,2.511800051,0.980390012,1.75,91,60,0,0,1,65.93406677,1
520,113,2.049999952,1,0,2.767400026,0.625,1.25,343,160,0,1,0,46.64723206,1
740,0,0,1,1,2.394999981,1.3125,1.24000001,232,63,1,0,1,27.15517235,0
760,0,0,1,1,2.971299887,1,2.410000086,510,441,0,1,0,86.47058868,1
920,64,2.849999905,1,0,2.926199913,1.190479994,3.289999962,492,106,1,0,1,21.54471588,0
980,59,2.269999981,0,0,2.893699884,0.884620011,2.799999952,260,86,0,0,1,33.07692337,0
880,0,0,1,1,2.66140008,0.75999999,3.049999952,177,12,0,0,1,6.779661179,1
960,78,3.019999981,1,0,3.352200031,0.600000024,3.069999933,265,42,0,0,1,15.84905624,0
920,0,0,1,1,2.473099947,0.803919971,2,345,30,1,0,1,8.695652008,0
820,92,2.470000029,1,0,2.704600096,0.744679987,2.25,175,64,0,0,1,36.57143021,1
920,90,2.839999914,0,0,2.762099981,0.735849977,2.799999952,474,244,0,0,1,51.47679138,0
900,79,2.24000001,0,0,2.627399921,0.875,1.809999943,199,52,0,0,1,26.13065338,0
500,109,2.079999924,1,0,2.750099897,0.666670024,1.5,475,145,0,1,0,30.52631569,1
710,1,4,1,0,2.28640008,0.868420005,1.710000038,254,85,0,1,0,33.46456528,1
910,1,4,1,0,3.052999973,0.71697998,2.75,241,93,0,0,1,38.58921051,1
830,43,1.720000029,1,0,2.820100069,0.930230021,2.200000048,195,71,0,0,1,36.41025543,1
970,82,2.200000048,0,0,3.171200037,0.901960015,2.710000038,184,27,0,1,0,14.673913,0
760,1,4,1,0,3.035200119,0.809520006,1.429999948,165,86,0,1,0,52.12121201,1
960,33,2.029999971,1,0,2.603800058,0.74545002,1,170,27,0,0,1,15.88235283,1
860,54,3.5,0,0,2.6954,0.720000029,3.200000048,413,31,0,0,1,7.506053448,0
1060,0,0,0,1,2.542500019,0.927269995,3.069999933,657,141,0,0,1,21.46118736,0
1170,31,3.579999924,1,0,2.938999891,0.918030024,3.200000048,178,25,1,0,1,14.04494381,0
1140,0,0,1,1,2.78550005,0.62857002,3.069999933,348,32,0,0,1,9.195402145,0
890,70,2.140000105,1,0,2.698600054,0.893620014,1.379999995,275,27,0,1,0,9.818181992,1
1010,0,0,0,1,2.902299881,0.771929979,2.069999933,239,43,0,0,1,17.99163246,0
910,0,0,1,1,2.385799885,0.685190022,2.75999999,348,177,0,0,1,50.86206818,0
960,84,2.650000095,1,0,2.542099953,0.655170023,2.420000076,328,94,0,0,1,28.65853691,0
880,65,2.289999962,1,0,2.899300098,0.955560029,2.75,161,35,1,0,1,21.73913002,0
820,96,3.160000086,1,0,3.031100035,1.102560043,2.890000105,94,43,0,0,1,45.74468231,0
800,33,2.720000029,1,0,2.77489996,0.904760003,2.75,148,26,1,0,1,17.56756783,0
940,33,1.899999976,1,0,2.661200047,0.918370008,2.420000076,179,49,0,0,1,27.37430191,0
740,27,2.069999933,1,0,2.715300083,1.114289999,1.460000038,770,90,0,0,1,11.68831158,0
720,0,0,1,1,2.780299902,0.714290023,0.769999981,850,290,0,0,1,34.11764526,0
800,58,1.669999957,1,0,2.822400093,1.051280022,2.5,302,106,0,0,0,35.09933853,0
670,106,2.019999981,1,0,2.712199926,0.914290011,2,315,231,0,1,0,73.33333588,1
1020,34,3.319999933,1,0,2.605499983,1.081629992,3.75999999,468,75,1,0,1,16.02564049,0
1100,0,0,0,1,2.438299894,0.774190009,3.329999924,294,61,1,0,1,20.74829865,0
1040,58,2.700000048,1,0,2.876199961,0.793099999,1.730000019,292,85,0,0,1,29.10958862,0
980,95,2.849999905,1,0,2.733400106,0.689660013,3.329999924,428,23,1,0,1,5.373831749,0
840,29,3.130000114,1,0,2.807199955,0.866670012,3.400000095,177,49,1,0,1,27.68361664,0
790,20,2.75,1,0,2.894200087,0.880949974,2.440000057,676,477,0,0,1,70.56213379,1
1030,80,1.970000029,1,0,2.424499989,0.688520014,2.180000067,384,129,0,0,1,33.59375,1
1020,0,0,1,1,2.589999914,0.699999988,1.830000043,10,10,0,0,1,100,0
1010,53,2.109999895,1,0,3.493000031,0.741379976,3,243,70,0,0,1,28.80658531,0
880,59,2.380000114,1,0,2.953500032,0.955560029,3,370,165,0,0,1,44.59459305,0
870,96,2.700000048,1,0,3.02699995,0.8125,3.049999952,660,282,1,0,1,42.72727203,0
1110,28,3.210000038,1,0,2.316200018,0.734380007,2.460000038,609,17,0,0,1,2.791461468,0
990,0,0,0,1,2.72239995,0.833329976,2.809999943,178,28,1,0,1,15.73033714,0
800,0,0,0,1,2.851999998,0.860469997,2.130000114,552,146,0,0,1,26.44927597,0
1010,25,2.319999933,0,0,2.656100035,0.771929979,2.430000067,771,129,0,0,1,16.73151779,0
1070,38,1.919999957,1,0,2.678499937,0.550719976,3,196,54,0,0,1,27.55101967,0
1000,0,0,1,1,2.648699999,0.886789978,2.430000067,20,11,0,0,1,55,1
560,105,2.049999952,1,0,2.906899929,0.866670012,2.25,290,150,0,1,0,51.72413635,1
790,5,2.799999952,1,0,3.075900078,0.880949974,1.75,235,90,0,1,0,38.29787064,1
740,82,2.019999981,1,0,2.964400053,0.608699977,1.600000024,280,149,0,0,0,53.2142868,1
970,29,2.75,0,0,2.868099928,0.796299994,2.380000114,657,141,0,0,1,21.46118736,0
780,56,2.369999886,1,0,2.939100027,0.813950002,2.400000095,274,118,0,0,1,43.0656929,1
840,29,2.309999943,1,0,2.719099998,1.210530043,2.200000048,212,75,0,0,1,35.37735748,1
830,106,2.00999999,1,0,2.51880002,0.693880022,0.75,77,12,0,0,1,15.58441544,1
870,72,2.339999914,1,0,2.882699966,0.933329999,2.430000067,118,17,1,0,1,14.40677929,0
640,37,1.970000029,1,0,2.610899925,0.600000024,2,157,68,0,1,0,43.31210327,1
1000,63,3.25,1,0,2.697799921,0.639339983,2.599999905,220,15,0,1,0,6.818181992,1
610,29,2.200000048,1,0,2.98149991,0.848479986,2,97,61,0,1,0,62.88659668,1
760,0,0,1,1,3.001699924,0.899999976,2.069999933,295,140,0,0,1,47.45762634,1
1040,50,2.160000086,1,0,2.946399927,1.039219975,3.25,268,73,1,0,1,27.23880577,0
1050,0,0,0,1,2.489599943,0.842109978,3.329999924,316,18,0,1,0,5.696202755,0
740,93,2.130000114,1,0,2.707000017,0.804880023,2,203,72,0,0,1,35.46797943,0
810,0,0,1,1,2.404799938,0.723399997,2.329999924,211,69,0,0,1,32.70142365,0
850,85,1.980000019,1,0,2.992799997,1.23684001,3,203,112,0,1,0,55.17241287,0
920,0,0,1,1,3.007200003,1.421049953,2.640000105,168,75,0,0,1,44.6428566,1
970,64,2.75999999,1,0,2.949599981,0.901960015,2.799999952,125,13,0,0,1,10.39999962,1
1070,65,3.319999933,1,0,2.858700037,0.877189994,3.440000057,158,28,1,0,1,17.72151947,0
590,76,1.690000057,1,0,2.841300011,0.787880003,0.5,202,109,0,1,0,53.96039581,1
700,5,3.400000095,1,0,3.426100016,0.891889989,3.25,133,54,1,0,1,40.60150528,0
930,1,4,1,0,2.78399992,0.978720009,2.74000001,229,38,0,1,0,16.59388733,1
830,29,2.24000001,1,0,2.604799986,0.930230021,2.069999933,10,2,0,1,0,20,0
1220,0,0,1,1,2.452199936,0.742860019,4,465,8,0,1,0,1.720430136,0
800,1,4,1,0,2.930299997,1.105260015,1.350000024,465,274,0,0,1,58.92473221,1
980,28,2.099999905,0,0,2.531300068,0.781819999,2,240,120,0,0,1,50,0
770,0,0,1,1,2.741899967,0.711109996,1.320000052,386,223,0,1,0,57.77202225,1
890,0,0,1,1,2.994100094,1.022729993,2.640000105,69,63,0,0,1,91.30434418,1
990,0,0,1,1,2.544199944,0.980000019,2.140000105,204,31,1,1,0,15.1960783,0
830,25,2.079999924,1,0,2.805299997,0.804350019,1.940000057,245,73,0,0,1,29.79591751,0
980,0,0,1,1,2.544699907,1,2.309999943,238,80,0,0,1,33.61344528,1
950,90,2.460000038,0,0,2.849900007,0.696430027,3,148,18,0,0,1,12.16216183,0
980,0,0,1,1,2.578700066,0.884620011,2.769999981,238,46,0,0,1,19.32773018,1
640,83,2.019999981,1,0,2.686100006,0.828570008,1.25,534,165,0,1,0,30.89887619,1
1130,40,2.900000095,1,0,2.360599995,0.686569989,2.539999962,396,7,0,0,1,1.767676711,1
1170,43,2.50999999,1,0,2.997100115,1.052629948,2.880000114,230,13,0,0,1,5.652173996,1
700,2,4,1,0,2.780299902,0.75,0.689999998,191,124,0,1,0,64.92146301,0
790,42,1.850000024,1,0,2.700299978,0.926829994,1.600000024,125,34,0,1,0,27.20000076,1
1020,0,0,0,1,2.342799902,0.789470017,1.210000038,574,81,0,0,1,14.11149788,0
980,25,2.599999905,0,0,2.940500021,0.849059999,2.849999905,665,33,0,0,1,4.962406158,0
1080,91,2.289999962,0,0,2.81159997,0.565219998,2.930000067,539,152,0,0,1,28.20037079,0
820,0,0,1,1,2.374599934,0.906979978,2.24000001,526,160,1,1,0,30.41825104,0
1140,91,3.319999933,0,0,2.700200081,0.753849983,3,160,6,0,0,1,3.75,0
960,0,0,0,1,2.678999901,1.133329988,3,201,19,0,0,1,9.452735901,0
700,1,4,1,0,2.741899967,0.666670024,2.160000086,201,103,0,0,1,51.24378204,1
630,80,1.799999952,1,0,3.012200117,1.032259941,1.710000038,163,89,0,1,0,54.60122681,1
640,33,1.75,1,0,2.914299965,1.133329988,2.200000048,353,230,0,1,0,65.1558075,1
1020,29,2.549999952,0,0,2.836999893,0.821430027,2.309999943,345,46,0,0,1,13.33333302,0
1030,62,2.430000067,1,0,2.934999943,0.872730017,3.230000019,176,27,0,0,1,15.340909,1
920,101,3.329999924,1,0,2.808399916,0.957449973,3.329999924,575,155,1,0,1,26.95652199,0
990,0,0,1,1,2.489599943,0.833329976,3,715,23,1,0,1,3.216783285,0
920,7,1.710000038,1,0,2.861900091,0.877550006,2.799999952,715,529,0,0,1,73.98601532,0
840,0,0,1,1,2.687599897,0.826089978,1.179999948,715,511,0,1,0,71.46852875,0
990,0,0,1,1,2.530100107,0.867919981,2.25,715,279,0,0,1,39.02098083,0
950,1,4,1,0,3.039499998,0.826919973,2,715,346,0,0,1,48.39160919,1
1180,0,0,1,1,2.504100084,0.815379977,1.5,771,481,0,0,1,62.38651276,0
1050,27,1.960000038,1,0,2.925899982,0.779659986,2.5,687,314,0,0,1,45.70596695,0
900,58,2.890000105,1,0,3.011600018,0.764710009,3.130000114,132,18,0,0,1,13.63636398,0
490,112,2,1,0,2.791399956,0.75,1.600000024,144,55,1,1,0,38.19444275,0
670,40,2.170000076,1,0,2.816499949,0.861109972,1.5,87,42,0,1,0,48.27586365,1
710,0,0,1,1,2.821000099,1.028570056,1.789999962,117,65,1,1,0,55.55555725,0
900,0,0,1,1,2.808700085,0.800000012,2.210000038,30,17,0,0,1,56.66666794,1
930,55,1.960000038,1,0,2.544800043,1.066669941,0.75,277,50,0,0,1,18.05054092,0
860,39,2.200000048,1,0,2.467900038,0.622640014,2.460000038,259,70,0,0,1,27.02702713,1
830,57,2.210000038,0,0,2.863300085,0.693880022,2.289999962,297,84,0,0,1,28.28282738,0
1400,59,3.74000001,1,0,2.842200041,0.944440007,4,252,1,0,0,1,0.396825403,1
570,52,2.00999999,1,0,2.94810009,0.78125,2.619999886,209,82,1,1,0,39.23445129,0
1130,29,3.369999886,1,0,2.694400072,0.793649971,3.289999962,313,10,0,0,1,3.194888115,1
860,57,2.569999933,0,0,2.703999996,0.791670024,3.200000048,66,21,0,0,1,31.81818199,0
650,84,2.720000029,1,0,3.140599966,0.756760001,3.200000048,234,35,1,1,0,14.9572649,0
1070,69,2.369999886,1,0,2.712300062,0.844829977,3.5,127,25,0,0,1,19.68503952,1
690,103,2.640000105,1,0,2.85890007,0.604650021,2,79,12,0,1,0,15.1898737,1
1200,0,0,1,1,2.888799906,0.621619999,3.380000114,415,14,0,0,1,3.37349391,1
1180,27,3.589999914,0,0,2.366499901,0.71013999,3.5,365,3,1,0,1,0.821917832,0
630,99,2.25,0,0,2.786799908,0.800000012,2.400000095,246,160,0,0,1,65.04064941,0
870,31,1.74000001,1,0,2.876399994,0.74000001,2.619999886,254,73,0,1,0,28.74015808,0
940,49,2.299999952,0,0,2.822900057,0.649119973,2.25,256,58,0,0,1,22.65625,0
610,71,2.25999999,1,0,2.926000118,0.90625,2.25,522,152,0,0,1,29.11877441,1
1110,0,0,1,1,2.675800085,0.947369993,3.220000029,591,10,0,0,1,1.692047358,0
890,112,2.049999952,1,0,2.809400082,0.816330016,1.75,690,420,0,1,0,60.86956406,1
850,93,2.190000057,1,0,3.010299921,0.888890028,1.710000038,572,86,0,0,1,15.03496456,0
1150,41,3.140000105,1,0,2.877300024,0.742420018,3.200000048,673,106,0,0,1,15.75037193,0
810,87,1.929999948,1,0,3.017199993,0.883719981,2.200000048,337,56,0,0,1,16.61721039,1
720,1,4,1,0,2.73390007,0.894739985,1.320000052,584,268,0,1,0,45.89041138,1
1040,56,3.00999999,1,0,2.618200064,0.704919994,2.329999924,172,5,0,0,1,2.9069767,1
1100,0,0,1,1,2.891299963,1,3.210000038,181,30,0,0,1,16.57458496,1
1000,0,0,1,1,2.72480011,0.818180025,2.140000105,154,5,1,1,0,3.246753216,0
980,0,0,1,1,2.460500002,0.849059999,0.939999998,151,30,0,1,0,19.8675499,0
750,95,2.470000029,1,0,3.219700098,1.027029991,3.170000076,30,10,1,0,1,33.33333206,0
820,0,0,1,1,2.418499947,1,1.710000038,35,11,0,0,1,31.4285717,1
900,75,1.929999948,1,0,2.878200054,0.800000012,2.880000114,149,38,0,0,1,25.50335503,0
1040,33,3.059999943,1,0,2.758300066,0.733330011,3.059999943,94,6,1,0,1,6.382978916,0
710,0,0,1,1,2.843800068,0.868420005,1.75,258,129,1,1,0,50,0
1020,92,3.140000105,1,0,2.766200066,0.758620024,3.5,560,32,1,0,1,5.714285851,0
980,91,2.190000057,1,0,2.591500044,0.959999979,2.25,299,42,0,0,1,14.04682255,0
990,0,0,0,1,2.81069994,0.980000019,3.650000095,425,30,1,0,1,7.058823586,0
950,68,2,1,0,2.989300013,0.93878001,2.75,265,43,0,0,1,16.22641563,1
960,95,3.00999999,1,0,3.007600069,0.959179997,2.819999933,10,1,1,0,1,10,0
1100,33,2.390000105,1,0,2.596199989,0.803279996,2.730000019,742,31,0,0,1,4.177897453,0
910,0,0,1,1,2.300299883,0.936169982,3.309999943,139,6,0,0,1,4.316546917,0
680,49,2.220000029,0,0,2.784800053,1,2,658,246,0,0,1,37.38601685,0
1130,0,0,1,1,2.427200079,0.948279977,1.5,87,61,0,0,1,70.11494446,0
1010,29,2,1,0,2.757200003,0.803569973,2.690000057,553,169,0,0,1,30.5605793,0
990,36,2.049999952,1,0,2.782099962,0.706900001,1.730000019,599,253,0,0,1,42.23706055,0
1080,0,0,1,1,2.346299887,0.928569973,1.860000014,640,267,0,0,1,41.71875,0
860,1,4,1,0,2.925400019,0.720000029,1.879999995,373,264,0,0,1,70.77748108,1
790,0,0,0,1,2.385799885,0.926829994,1.820000052,624,285,0,0,1,45.67307663,0
1070,0,0,1,1,2.394999981,0.945450008,1.409999967,361,182,0,0,1,50.41551208,0
850,0,0,1,1,2.580499887,0.888890028,1.639999986,224,191,1,0,0,85.26786041,0
1070,38,3.359999895,1,0,2.626300097,0.945450008,3,481,33,1,1,0,6.860706806,0
840,0,0,1,1,2.526200056,0.953490019,1.730000019,456,149,0,0,1,32.67543793,0
870,59,2.160000086,1,0,2.987799883,1.071429968,2.25,312,230,0,0,1,73.71794891,1
990,28,1.960000038,1,0,2.609100103,0.622950017,1.940000057,500,73,0,0,1,14.60000038,0
710,30,2.099999905,1,0,2.74729991,1.21875,1.580000043,456,182,1,1,0,39.91228104,0
760,0,0,0,1,2.834800005,0.899999976,1.879999995,235,143,0,0,1,60.85106277,0
770,0,0,1,1,2.799799919,0.925000012,2.150000095,512,339,1,0,1,66.2109375,0
890,28,1.919999957,1,0,2.609600067,0.854170024,2.5,718,429,0,0,1,59.74930191,0
910,83,2.130000114,1,0,2.814699888,0.819999993,1.5,595,448,0,0,1,75.29412079,0
1020,63,2.599999905,1,0,2.56069994,0.888890028,2.420000076,10,1,0,0,1,10,0
1060,29,3.579999924,1,0,2.699199915,0.827589989,3,542,72,0,0,1,13.28413296,1
860,0,0,1,1,2.384299994,0.653850019,0.920000017,509,315,0,0,1,61.88605118,1
920,0,0,1,1,2.476799965,0.769230008,2.269999981,509,106,0,0,1,20.82514763,0
910,0,0,1,1,2.391000032,0.625,2.799999952,69,12,1,1,0,17.39130402,0
700,57,2.049999952,1,0,2.925499916,0.666670024,2.5,625,202,0,1,0,32.31999969,0
1170,64,2.210000038,1,0,2.634399891,0.746270001,2.170000076,177,53,0,0,1,29.94350243,1
1010,27,2.440000057,1,0,2.777100086,0.836359978,2.200000048,322,168,0,0,1,52.17391205,0
700,0,0,1,1,2.628700018,0.891889989,2.5,200,80,1,0,0,40,0
